OFFENSE,VIOLENT
ABDUCTION,1
ABDUCTION - REMOVE FROM PLACE FOUND,1
ABDUCTION - RESTRAIN LIBERTY,1
AGG BURGLARY-ARMED W/ DEADLY WEAPON,1
 ORDNANCE,1
AGG ROBBERY - ARMED,1
 DEADLY ORDNANCE,1
AGG ROBBERY - ARMED,1
 DEADLY WEAPON,1
AGG ROBBERY - INFLICT/ATTEMPT SERIOUS HARM,1
AGG VEH HOM/VEH HOM/VEH MNSLGHTER,1
AGGRAVATED ARSON,1
AGGRAVATED ASSAULT,1
AGGRAVATED ASSAULT - WEAPON OR ORDNANCE,1
AGGRAVATED BURGLARY,1
AGGRAVATED BURGLARY - INFLICT HARM,1
AGGRAVATED MENACING,1
AGGRAVATED MURDER,1
AGGRAVATED MURDER - PREMEDITATED,1
AGGRAVATED ROBBERY,1
AGGRAVATED TRESPASS,1
AGGRAVATED VEHICULAR ASSAULT,1
ARSON,1
ARSON - PROPERTY OF ANOTHER,1
ASSAULT,1
ASSAULT - KNOWINGLY HARM VICTIM,1
ASSAULT - RECKLESSLY HARM VICTIM,1
B&E -COMMIT THEFT/FELONY-UNOCC/FORCE/STEALTH,1
B&E-COMMIT FELONY-PREMISES OF ANOTHER,1
BREAKING AND ENTERING,0
BRIBERY,0
BURGLARY,0
BURGLARY- TRESPASS LIKELY OCC STRUCT COMMIT OFFENSE,0
BURGLARY- TRESPASS OCC STRUCT TO COMMIT OFFENSE,0
BURGLARY- TRESPASS OCC/LIKELY OCC STRUCT TO COMMIT OFFENSE,0
BURGLARY- TRESPASS STRUCT TO COMMIT OFFENSE,0
CONTAMINATE SUBST FOR HUMAN CONSUMP/USE,0
SPREAD FALSE REPORT,0
CONTRIB TO CHILD UNRULINESS/DELINQUENCY,0
CRIMINAL CHILD ENTICEMENT,0
CRIMINAL DAMAGING/ENDANGERING,1
CRIMINAL DAMAGING/ENDANGERING - KNOWINGLY,1
 ANY MEANS,0
CRIMINAL MISCHIEF,0
CRIMINAL MISCHIEF - MOVE/DEFACE/TAMPER PROP OF ANOTHER,0
CRIMINAL MISCHIEF - SET FIRE OTHERS LAND,0
CRIMINAL MISCHIEF - TAMPER WITH MARKER,0
CRIMINAL SIMULATION,0
CRIMINAL TRESPASS,0
DECEPTION TO OBTAIN A DANGEROUS DRUG,0
DEFR LIVERY/HOSTELRY-ABSCONDED W/O PAYING,0
DEFR LIVERY/HOSTELRY-HIRED/RENTED W/O MEANS PAY,0
DEFRAUDING A LIVERY OR HOSTELRY,0
DEFRAUDING CREDITORS,0
DEFRAUDING LIVERY/HOSTELRY-FAILED TO PAY,0
DIS MATTER HARMFUL TO JUV - ALLOW TO REVIEW,1
DISCH FIREARM ON/NEAR PROH PREM-SCHOOL/CHURCH/DWELLING OF ANOTHER/CHARIT INSTIT,1
DISCHARGE FIREARM ON/NEAR PROHIBITED PREMISES,1
DISORDERLY CONDUCT,0
DISORDERLY CONDUCT - INTERFERING WITH OTHERS,0
DISORDERLY CONDUCT-FIGHTING/THREATENING,1
DISORDERLY CONDUCT-OFFENSIVE GEST/NOISE,0
DISRUPTING PUBLIC SERVICE,0
DISSEMINATE MATTER HARMFUL TO JUVENILES,1
DOMESTIC VIOLENCE,1
DOMESTIC VIOLENCE - BELIEF IMMINENT HARM,1
DOMESTIC VIOLENCE - KNOWINGLY HARM,1
EMBEZZLEMENT,0
ENDANGERING CHILDREN,1
ENDANGERING CHILDREN - ABUSE,1
ENDANGERING CHILDREN-CORPORAL PUNISHMENT,1
ENDANGERING CHILDREN-OP VEH UNDER INFL CHILD<18,1
ENDANGERING CHILDREN-RISK HARM,1
ENDANGERING CHILDREN-TORTURE/CRUELLY ABUSE,1
ETHNIC INTIMIDATION,0
EXTORTION,0
FAIL COMPLY ORDER/SIGNAL OF PO-ELUDE/FLEE,0
FAIL TO PROVIDE FOR FUNCTIONALLY IMPAIRED PERSON,0
FAILURE TO COMPLY ORDER/SIGNAL OF PO,0
FEL ASSLT - SEXUAL CONDUCT W/O DISCLOSING HIV KNOWLEDGE,1
FELONIOUS ASSAULT,1
FELONIOUS ASSAULT - VICTIM SERIOUSLY HARMED,1
FELONIOUS ASSAULT - WEAPON OR ORDNANCE,1
FORGERY,0
FORGERY - COPY,0
 NOT GENUINE,0
FORGERY - UTTER,0
 POSSESS TO UTTER,0
FORGERY - WITHOUT AUTHORITY,0
GROSS SEX IMP - VICT MENTAL/PHYSICAL COND,1
GROSS SEXUAL IMPOSITION,0
GROSS SEXUAL IMPOSITION - < 13 YRS,1
 STATUTORY,1
GROSS SEXUAL IMPOSITION - FORCE,1
HAVING WEAPONS WHILE UNDER DISABILITY,0
HAZING,0
ILLEGAL POSS FIREARM IN LIQUOR PERMIT PREMISES,0
ILLEGAL USE FOOD STAMPS/WIC PROGRAM BENEFITS,0
ILLEGAL USE OF MINOR IN NUDITY ORIENTED MATERIAL,0
IMPERSONATING PEACE OFFICER/PRIVATE POLICEMAN,0
IMPERSONATING PO/PRIVATE POLICEMAN-FACILITATE CRIME,0
IMPORTUNING,0
IMPROPERLY DISCHARGING FIREARM AT/INTO HABITATION/SCHOOL,1
IMPROPERLY DISCHARGING FIREARM AT/INTO HABITATION/SCHOOL-OCCUPIED STRUCTURE,1
INDUCING PANIC,0
INSURANCE FRAUD,0
INTER W/ CUSTODY-<18,0
 MENTALLY HANDICAPPED <21,0
INTERFERENCE WITH CUSTODY,0
INTIMID-VICTIM/WITNESS FORCE/THREAT,0
INTIMIDATION,0
INTIMIDATION-PUBLIC SERV/PARTY OFF,0
INTIMIDATION-VICTIM/WITNESS,0
INVOLUNTARY MANSLAUGHTER,1
KIDNAPPING,1
MAKING FALSE ALARMS,0
MAKING FALSE ALARMS-INITIATE REPORT/WARNING,0
MENACING,0
MENACING BY STALKING,0
MISUSE OF CREDIT CARD,0
MURDER,1
NEGLIGENT ASSAULT,1
NEGLIGENT HOMICIDE,1
OBSTRUCTING OFFICIAL BUSINESS,0
PARENTAL EDUCATION NEGLECT,0
PASSING BAD CHECKS,0
PATIENT ABUSE; NEGLECT,0
PATIENT ABUSE; NEGLECT - ABUSE,0
PERSONATING AN OFFICER,0
POSS/SELL UNAUTHOR CABLE TELEV SERV-POSSESS,0
POSSESSING CRIMINAL TOOLS,0
PUBLIC INDECENCY,0
PUBLIC INDECENCY - APPEAR TO BE SEX ACT,0
PUBLIC INDECENCY - EXPOSURE,0
RECEIVING STOLEN PROPERTY,0
RECKLESS HOMICIDE,1
RESISTING ARREST,0
RETALIATION,0
ROBBERY,0
ROBBERY - DANGEROUS WEAPON,1
 ORDNANCE,0
ROBBERY - USE/THREATEN IMMED USE OF FORCE,1
ROBBERY-INFLICT/ATTEMPT/THREAT SER PHYS HARM,1
RUNAWAY,0
SAFECRACKING,0
SEX BAT - VIC MINOR,0
 OFF TMP/OCC DISCIP CONTR,0
SEXUAL BATTERY,1
SEXUAL BATTERY - MISTAKE FOR SPOUSE,1
SEXUAL BATTERY - PARENT OR GUARDIAN,1
SEXUAL BATTERY - SCHOOL PERSON OF AUTHORITY,1
SEXUAL BATTERY - VICTIM COERCED,1
SEXUAL IMPOSITION,1
SEXUAL IMPOSITION - OFFENSIVE CONTACT,1
SEXUAL IMPOSITION - VICTIM 13,1
14,0
15,0
SEXUAL IMPOSITION - VICTIM IMPAIRED,1
TAKING THE IDENTITY OF ANOTHER,0
TAMPERING WITH COIN MACHINES,0
TAMPERING WITH RECORDS,0
TELECOMMUNICATIONS FRAUD,0
TELEPHONE HARASS-ABUSE/THREATEN/ANNOY,0
TELEPHONE HARASS-FAIL TO DESIST,0
TELEPHONE HARASSMENT,0
TELEPHONE HARASSMENT - ANONYMOUS,0
THEFT,0
THEFT - BY INTIMIDATION,1
THEFT BY DECEPTION        M1F4,0
THEFT BY THREAT           M1F4,1
THEFT IN OFFICE,0
THEFT- BEYOND SCOPE OF CNSNT M1F4,0
THEFT- WITHOUT CONSENT     M1F4,0
UNATHORIZED USE OF CABLE DEVICE,0
UNAUTHORIZED USE OF MOTOR VEHICLE,0
UNAUTHORIZED USE OF MOTOR VEHICLE-JOY RIDING,0
UNAUTHORIZED USE OF PROPERTY,0
UNAUTHORIZED USE OF PROPERTY-GENERAL,0
UNLAWFUL RESTRAINT,1
UNLAWFUL SEXUAL CONDUCT WITH A MINOR,0
UNLAWFUL USE TELECOM DEVICE,0
VANDALISM,0
VANDALISM - GOVERNMENT ENTITY,0
VANDALISM - PROPERTY USED FOR BUSINESS > $500,0
VECHICULAR VANDALISM,0
VEHICULAR VANDALISM,0
VIOL PROT ORDER/CONSENT AGREE-2903-203/2903-204,0
VIOL PROT ORDER/CONSENT AGREE-2919-26/3113-31,0
VIOL PROT ORDER/CONSENT AGREE-OTHER STATE,0
VIOLATE PROTECTION ORDER/CONSENT AGREEMENT,0
VOLUNTARY MANSLAUGHTER,1
VOYEURISM,0
WIRE FRAUD,0
unkown,0
