OFFENSE,VIOLENT,NONVIOLENT
'ABDUCTION' 'ABDUCTION - REMOVE FROM PLACE FOUND',1,0
 'ABDUCTION - RESTRAIN LIBERTY',1,0
" 'AGG BURGLARY-ARMED W/ DEADLY WEAPON, ORDNANCE'",1,0
" 'AGG ROBBERY - ARMED, DEADLY ORDNANCE'",1,0
" 'AGG ROBBERY - ARMED, DEADLY WEAPON'",1,0
 'AGG ROBBERY - INFLICT/ATTEMPT SERIOUS HARM',1,0
 'AGG VEH HOM/VEH HOM/VEH MNSLGHTER' 'AGGRAVATED ARSON',1,0
 'AGGRAVATED ASSAULT' 'AGGRAVATED ASSAULT - WEAPON OR ORDNANCE',1,0
 'AGGRAVATED BURGLARY' 'AGGRAVATED BURGLARY - INFLICT HARM',1,0
 'AGGRAVATED MENACING' 'AGGRAVATED MURDER',1,0
 'AGGRAVATED MURDER - PREMEDITATED' 'AGGRAVATED ROBBERY',1,0
 'AGGRAVATED TRESPASS' 'AGGRAVATED VEHICULAR ASSAULT' 'ARSON',1,0
 'ARSON - PROPERTY OF ANOTHER' 'ASSAULT' 'ASSAULT - KNOWINGLY HARM VICTIM',1,0
 'ASSAULT - RECKLESSLY HARM VICTIM',1,0
 'B&E -COMMIT THEFT/FELONY-UNOCC/FORCE/STEALTH',0,1
 'B&E-COMMIT FELONY-PREMISES OF ANOTHER' 'BREAKING AND ENTERING' 'BRIBERY',0,1
 'BURGLARY' 'BURGLARY- TRESPASS LIKELY OCC STRUCT COMMIT OFFENSE',0,1
 'BURGLARY- TRESPASS OCC STRUCT TO COMMIT OFFENSE',0,1
 'BURGLARY- TRESPASS OCC/LIKELY OCC STRUCT TO COMMIT OFFENSE',0,1
 'BURGLARY- TRESPASS STRUCT TO COMMIT OFFENSE',0,1
" 'CONTAMINATE SUBST FOR HUMAN CONSUMP/USE,SPREAD FALSE REPORT'",0,1
 'CONTRIB TO CHILD UNRULINESS/DELINQUENCY' 'CRIMINAL CHILD ENTICEMENT',1,0
 'CRIMINAL DAMAGING/ENDANGERING',1,0
" 'CRIMINAL DAMAGING/ENDANGERING - KNOWINGLY, ANY MEANS'",1,0
 'CRIMINAL MISCHIEF',0,1
 'CRIMINAL MISCHIEF - MOVE/DEFACE/TAMPER PROP OF ANOTHER',0,1
" ""CRIMINAL MISCHIEF - SET FIRE OTHER'S LAND""",0,1
 'CRIMINAL MISCHIEF - TAMPER WITH MARKER' 'CRIMINAL SIMULATION',0,1
 'CRIMINAL TRESPASS' 'DECEPTION TO OBTAIN A DANGEROUS DRUG',0,1
 'DEFR LIVERY/HOSTELRY-ABSCONDED W/O PAYING',0,1
 'DEFR LIVERY/HOSTELRY-HIRED/RENTED W/O MEANS PAY',0,1
 'DEFRAUDING A LIVERY OR HOSTELRY' 'DEFRAUDING CREDITORS',0,1
 'DEFRAUDING LIVERY/HOSTELRY-FAILED TO PAY',0,1
 'DIS MATTER HARMFUL TO JUV - ALLOW TO REVIEW',1,0
 'DISCH FIREARM ON/NEAR PROH PREM-SCHOOL/CHURCH/DWELLING OF ANOTHER/CHARIT INSTIT',1,0
 'DISCHARGE FIREARM ON/NEAR PROHIBITED PREMISES' 'DISORDERLY CONDUCT',1,0
 'DISORDERLY CONDUCT - INTERFERING WITH OTHERS',0,1
 'DISORDERLY CONDUCT-FIGHTING/THREATENING',1,0
 'DISORDERLY CONDUCT-OFFENSIVE GEST/NOISE' 'DISRUPTING PUBLIC SERVICE',0,1
 'DISSEMINATE MATTER HARMFUL TO JUVENILES' 'DOMESTIC VIOLENCE',1,0
 'DOMESTIC VIOLENCE - BELIEF IMMINENT HARM',1,0
 'DOMESTIC VIOLENCE - KNOWINGLY HARM' 'EMBEZZLEMENT',1,0
 'ENDANGERING CHILDREN' 'ENDANGERING CHILDREN - ABUSE',1,0
 'ENDANGERING CHILDREN-CORPORAL PUNISHMENT',1,0
 'ENDANGERING CHILDREN-OP VEH UNDER INFL CHILD<18',1,0
 'ENDANGERING CHILDREN-RISK HARM',1,0
 'ENDANGERING CHILDREN-TORTURE/CRUELLY ABUSE' 'ETHNIC INTIMIDATION',1,0
 'EXTORTION' 'FAIL COMPLY ORDER/SIGNAL OF PO-ELUDE/FLEE',0,1
 'FAIL TO PROVIDE FOR FUNCTIONALLY IMPAIRED PERSON',0,1
 'FAILURE TO COMPLY ORDER/SIGNAL OF PO',0,1
 'FEL ASSLT - SEXUAL CONDUCT W/O DISCLOSING HIV KNOWLEDGE',1,0
 'FELONIOUS ASSAULT' 'FELONIOUS ASSAULT - VICTIM SERIOUSLY HARMED',1,0
 'FELONIOUS ASSAULT - WEAPON OR ORDNANCE' 'FORGERY',1,0
" 'FORGERY - COPY, NOT GENUINE' 'FORGERY - UTTER, POSSESS TO UTTER'",0,1
 'FORGERY - WITHOUT AUTHORITY' 'GROSS SEX IMP - VICT MENTAL/PHYSICAL COND',0,1
" 'GROSS SEXUAL IMPOSITION' 'GROSS SEXUAL IMPOSITION - < 13 YRS, STATUTORY'",1,0
 'GROSS SEXUAL IMPOSITION - FORCE' 'HAVING WEAPONS WHILE UNDER DISABILITY',1,0
 'HAZING' 'ILLEGAL POSS FIREARM IN LIQUOR PERMIT PREMISES',0,1
 'ILLEGAL USE FOOD STAMPS/WIC PROGRAM BENEFITS',0,1
 'ILLEGAL USE OF MINOR IN NUDITY ORIENTED MATERIAL',0,1
 'IMPERSONATING PEACE OFFICER/PRIVATE POLICEMAN',0,1
 'IMPERSONATING PO/PRIVATE POLICEMAN-FACILITATE CRIME' 'IMPORTUNING',0,1
 'IMPROPERLY DISCHARGING FIREARM AT/INTO HABITATION/SCHOOL',1,0
 'IMPROPERLY DISCHARGING FIREARM AT/INTO HABITATION/SCHOOL-OCCUPIED STRUCTURE',1,0
 'INDUCING PANIC' 'INSURANCE FRAUD',0,1
" 'INTER W/ CUSTODY-<18, MENTALLY HANDICAPPED <21'",0,1
 'INTERFERENCE WITH CUSTODY' 'INTIMID-VICTIM/WITNESS FORCE/THREAT',0,1
 'INTIMIDATION' 'INTIMIDATION-PUBLIC SERV/PARTY OFF',1,0
 'INTIMIDATION-VICTIM/WITNESS' 'INVOLUNTARY MANSLAUGHTER' 'KIDNAPPING',1,0
 'MAKING FALSE ALARMS' 'MAKING FALSE ALARMS-INITIATE REPORT/WARNING',0,1
 'MENACING' 'MENACING BY STALKING' 'MISUSE OF CREDIT CARD' 'MURDER',1,0
 'NEGLIGENT ASSAULT' 'NEGLIGENT HOMICIDE' 'OBSTRUCTING OFFICIAL BUSINESS',1,0
 'PARENTAL EDUCATION NEGLECT' 'PASSING BAD CHECKS',0,1
 'PATIENT ABUSE; NEGLECT' 'PATIENT ABUSE; NEGLECT - ABUSE',1,0
 'PERSONATING AN OFFICER' 'POSS/SELL UNAUTHOR CABLE TELEV SERV-POSSESS',0,1
 'POSSESSING CRIMINAL TOOLS' 'PUBLIC INDECENCY',0,1
 'PUBLIC INDECENCY - APPEAR TO BE SEX ACT' 'PUBLIC INDECENCY - EXPOSURE',0,1
 'RECEIVING STOLEN PROPERTY' 'RECKLESS HOMICIDE' 'RESISTING ARREST',0,1
" 'RETALIATION' 'ROBBERY' 'ROBBERY - DANGEROUS WEAPON, ORDNANCE'",1,0
 'ROBBERY - USE/THREATEN IMMED USE OF FORCE',1,0
 'ROBBERY-INFLICT/ATTEMPT/THREAT SER PHYS HARM' 'RUNAWAY' 'SAFECRACKING',1,0
" 'SEX BAT - VIC MINOR, OFF TMP/OCC DISCIP CONTR' 'SEXUAL BATTERY'",1,0
 'SEXUAL BATTERY - MISTAKE FOR SPOUSE',1,0
 'SEXUAL BATTERY - PARENT OR GUARDIAN',1,0
 'SEXUAL BATTERY - SCHOOL PERSON OF AUTHORITY',1,0
 'SEXUAL BATTERY - VICTIM COERCED' 'SEXUAL IMPOSITION',1,0
 'SEXUAL IMPOSITION - OFFENSIVE CONTACT',1,0
" 'SEXUAL IMPOSITION - VICTIM 13, 14, 15'",1,0
 'SEXUAL IMPOSITION - VICTIM IMPAIRED' 'TAKING THE IDENTITY OF ANOTHER',1,0
 'TAMPERING WITH COIN MACHINES' 'TAMPERING WITH RECORDS',0,1
 'TELECOMMUNICATIONS FRAUD' 'TELEPHONE HARASS-ABUSE/THREATEN/ANNOY',0,1
 'TELEPHONE HARASS-FAIL TO DESIST' 'TELEPHONE HARASSMENT',0,1
 'TELEPHONE HARASSMENT - ANONYMOUS' 'THEFT' 'THEFT - BY INTIMIDATION',0,1
 'THEFT BY DECEPTION        M1F4' 'THEFT BY THREAT           M1F4',0,1
 'THEFT IN OFFICE' 'THEFT- BEYOND SCOPE OF CNSNT M1F4',0,1
 'THEFT- WITHOUT CONSENT     M1F4' 'UNATHORIZED USE OF CABLE DEVICE',0,1
 'UNAUTHORIZED USE OF MOTOR VEHICLE',0,1
 'UNAUTHORIZED USE OF MOTOR VEHICLE-JOY RIDING',0,1
 'UNAUTHORIZED USE OF PROPERTY' 'UNAUTHORIZED USE OF PROPERTY-GENERAL',0,1
 'UNLAWFUL RESTRAINT' 'UNLAWFUL SEXUAL CONDUCT WITH A MINOR',1,0
 'UNLAWFUL USE TELECOM DEVICE' 'VANDALISM' 'VANDALISM - GOVERNMENT ENTITY',0,1
 'VANDALISM - PROPERTY USED FOR BUSINESS > $500' 'VECHICULAR VANDALISM',0,1
 'VEHICULAR VANDALISM' 'VIOL PROT ORDER/CONSENT AGREE-2903-203/2903-204',0,1
 'VIOL PROT ORDER/CONSENT AGREE-2919-26/3113-31',0,1
 'VIOL PROT ORDER/CONSENT AGREE-OTHER STATE',0,1
 'VIOLATE PROTECTION ORDER/CONSENT AGREEMENT' 'VOLUNTARY MANSLAUGHTER',1,0
 'VOYEURISM' 'WIRE FRAUD' ,0,1
nan,0,1
